zip,lat,lng
75001,32.96,-96.83847
75002,33.08966,-96.60751
75006,32.96188,-96.89701
75007,33.00462,-96.89714
75009,33.34028,-96.75033
75010,33.03424,-96.89672
75013,33.11467,-96.69411
75019,32.96329,-96.98553
75020,33.77167,-96.60413
75021,33.72616,-96.47326
75022,33.02772,-97.12023
75023,33.05706,-96.73242
75024,33.07735,-96.80704
75025,33.09095,-96.74128
75028,33.0328,-97.06086
75032,32.85504,-96.42764
75034,33.15196,-96.86035
75035,33.15534,-96.7727
75038,32.87458,-96.99758
75039,32.88752,-96.94225
75040,32.92766,-96.62008
75041,32.88091,-96.65147
75042,32.9139,-96.67493
75043,32.85707,-96.57941
75044,32.96264,-96.65323
75048,32.97201,-96.58087
75050,32.77409,-97.00533
75051,32.72757,-96.99439
75052,32.66591,-97.02648
75054,32.59062,-97.04051
75056,33.07395,-96.91483
75057,33.04952,-96.98383
75058,33.45011,-96.74225
75060,32.79601,-96.95446
75061,32.82602,-96.96544
75062,32.84699,-96.95696
75063,32.92047,-96.986
75065,33.11093,-97.0119
75067,33.01371,-97.00024
75068,33.17647,-96.95054
75069,33.16547,-96.59469
75070,33.17311,-96.69773
75071,33.24664,-96.62898
75074,33.0319,-96.67429
75075,33.02137,-96.74102
75076,33.79472,-96.72168
75077,33.07885,-97.06273
75078,33.24671,-96.80855
75080,32.97395,-96.74203
75081,32.94882,-96.7102
75082,32.99159,-96.66233
75087,32.94172,-96.44993
75088,32.89229,-96.54917
75089,32.92975,-96.54975
75090,33.60451,-96.54562
75092,33.64891,-96.70004
75093,33.0355,-96.81001
75094,33.01909,-96.61508
75098,33.01189,-96.53479
75101,32.27004,-96.70244
75102,32.06629,-96.64223
75103,32.51192,-95.88237
75104,32.58039,-96.96618
75105,32.26654,-96.37522
75109,32.04523,-96.35405
75110,32.08693,-96.52879
75114,32.61016,-96.44553
75115,32.59884,-96.86375
75116,32.66017,-96.91393
75117,32.71183,-95.85077
75119,32.32976,-96.59334
75124,32.32674,-95.97242
75125,32.53138,-96.62477
75126,32.74204,-96.45185
75127,32.69118,-95.79338
75132,32.94537,-96.37375
75134,32.6201,-96.783
75135,33.06522,-96.22289
75137,32.634,-96.91176
75140,32.64689,-95.69144
75141,32.63998,-96.69464
75142,32.57358,-96.24717
75143,32.36358,-96.24817
75144,32.11312,-96.20884
75146,32.57462,-96.75069
75147,32.433,-96.07743
75148,32.12462,-96.01216
75149,32.77003,-96.61487
75150,32.81577,-96.63039
75152,32.43646,-96.68038
75153,32.15027,-96.32857
75154,32.52278,-96.8101
75155,32.22573,-96.47318
75156,32.28689,-96.0998
75157,32.46225,-96.44688
75158,32.46222,-96.39662
75159,32.60745,-96.54088
75160,32.76168,-96.30018
75161,32.73742,-96.17116
75163,32.16759,-96.11031
75164,33.06593,-96.30793
75165,32.36912,-96.79744
75166,33.01234,-96.45026
75167,32.35887,-96.91516
75169,32.70454,-95.99657
75172,32.60482,-96.67516
75173,33.05923,-96.39106
75180,32.71894,-96.61839
75181,32.72694,-96.55517
75182,32.80014,-96.55405
75189,32.95188,-96.3119
75201,32.7878,-96.79948
75202,32.77924,-96.80472
75203,32.74625,-96.80301
75204,32.80205,-96.78882
75205,32.83656,-96.79623
75206,32.83156,-96.77028
75207,32.78676,-96.82139
75208,32.75373,-96.83986
75209,32.84885,-96.82587
75210,32.77135,-96.74596
75211,32.73491,-96.903
75212,32.78137,-96.87917
75214,32.82867,-96.74542
75215,32.75075,-96.75806
75216,32.71162,-96.78369
75217,32.71215,-96.68116
75218,32.84154,-96.70236
75219,32.81179,-96.81294
75220,32.86664,-96.87615
75223,32.79223,-96.74399
75224,32.71104,-96.83991
75225,32.8652,-96.79097
75226,32.78278,-96.77641
75227,32.77001,-96.68728
75228,32.82444,-96.67995
75229,32.89374,-96.86439
75230,32.90237,-96.79205
75231,32.87767,-96.74979
75232,32.66094,-96.84019
75233,32.70435,-96.87297
75234,32.92366,-96.89042
75235,32.83251,-96.84851
75236,32.68557,-96.93576
75237,32.66562,-96.87309
75238,32.87853,-96.70782
75240,32.93181,-96.78852
75241,32.66571,-96.75906
75243,32.91211,-96.73563
75244,32.92541,-96.83663
75246,32.79292,-96.7733
75247,32.81358,-96.87749
75248,32.96958,-96.79524
75249,32.64442,-96.9588
75251,32.91901,-96.77193
75252,32.99728,-96.79091
75253,32.67499,-96.61287
75254,32.94562,-96.80137
75270,32.78119,-96.80224
75287,33.00032,-96.84111
75390,32.81415,-96.84082
75401,33.18426,-96.11951
75402,33.06878,-96.08534
75407,33.15089,-96.48796
75409,33.35197,-96.52735
75410,32.79101,-95.63456
75411,33.86196,-95.64855
75412,33.79984,-95.15232
75413,33.44141,-96.17913
75414,33.62333,-96.43179
75415,33.45984,-95.75129
75416,33.67825,-95.35442
75417,33.43887,-95.13134
75418,33.57268,-96.17766
75420,33.05301,-95.72612
75421,33.64663,-95.71719
75422,33.13937,-95.93198
75423,33.28614,-96.19999
75424,33.30659,-96.38587
75426,33.65539,-95.00488
75428,33.26847,-95.91606
75431,33.01166,-95.46369
75432,33.39603,-95.67444
75433,33.10765,-95.80425
75435,33.48223,-95.31355
75436,33.71282,-95.25156
75437,33.25841,-95.469
75438,33.60829,-96.06541
75439,33.55208,-96.27709
75440,32.87828,-95.75557
75441,33.43231,-95.65334
75442,33.17365,-96.35309
75446,33.61208,-95.89414
75447,33.76513,-96.1177
75448,33.31494,-95.7933
75449,33.42067,-95.94604
75450,33.4051,-95.47847
75451,32.96633,-95.12119
75452,33.39324,-96.24331
75453,32.99671,-95.93275
75454,33.28335,-96.56323
75455,33.21697,-94.97819
75457,33.17279,-95.21222
75459,33.53109,-96.67755
75460,33.65811,-95.60422
75462,33.62385,-95.48378
75468,33.51316,-95.40653
75469,33.42161,-95.8146
75470,33.58231,-95.80822
75471,33.03945,-95.38927
75472,32.88593,-95.87796
75473,33.81433,-95.48986
75474,32.91953,-96.10899
75475,33.47484,-96.23822
75476,33.70586,-96.24354
75477,33.53286,-95.73471
75478,33.17445,-95.35751
75479,33.62166,-96.33921
75480,33.02472,-95.19411
75481,33.31522,-95.37374
75482,33.16816,-95.60681
75486,33.75828,-95.7486
75487,33.33605,-95.16159
75488,33.77722,-95.98748
75489,33.51927,-96.48435
75490,33.43427,-96.31339
75491,33.49638,-96.39751
75492,33.58768,-95.9955
75493,33.13883,-95.10854
75494,32.90938,-95.26235
75495,33.43311,-96.55161
75496,33.35984,-96.06298
75497,32.92201,-95.57201
75501,33.37363,-94.13142
75503,33.51343,-94.13057
75550,33.49406,-94.88241
75551,33.11556,-94.20197
75554,33.5549,-94.7795
75555,32.94688,-94.13831
75556,33.16112,-94.06127
75558,33.2419,-94.85805
75559,33.50992,-94.62748
75560,33.18696,-94.36878
75561,33.51333,-94.27783
75562,32.92543,-94.24848
75563,33.00609,-94.38963
75565,32.93731,-94.07212
75566,33.14819,-94.49175
75567,33.31404,-94.31879
75568,33.20102,-94.59619
75569,33.44147,-94.12646
75570,33.46196,-94.43753
75571,33.20616,-94.764
75572,33.23153,-94.13216
75573,33.3423,-94.2373
75574,33.33097,-94.55347
75601,32.50854,-94.72407
75602,32.459,-94.65993
75603,32.39853,-94.7091
75604,32.50964,-94.82784
75605,32.58258,-94.72065
75630,32.87432,-94.5527
75631,32.24926,-94.45456
75633,32.12895,-94.27705
75638,33.02093,-94.73185
75639,32.29033,-94.16944
75640,32.71557,-94.68413
75641,32.37844,-94.57574
75642,32.37152,-94.17658
75643,32.01618,-94.36085
75644,32.7951,-94.99552
75645,32.68749,-94.87407
75647,32.5189,-94.95133
75650,32.51394,-94.55473
75651,32.67158,-94.53603
75652,32.22989,-94.73272
75654,32.08097,-94.8265
75656,33.00551,-94.59071
75657,32.7922,-94.306
75661,32.63754,-94.16153
75662,32.38399,-94.87015
75667,31.98543,-94.84004
75668,32.90448,-94.6836
75669,32.03375,-94.56395
75670,32.57299,-94.42297
75672,32.46883,-94.29489
75681,31.92844,-94.69194
75682,32.25033,-94.93659
75683,32.82301,-94.73701
75684,32.27336,-94.93893
75686,32.96953,-94.95017
75691,32.31327,-94.55067
75692,32.48038,-94.11629
75693,32.53385,-94.85985
75701,32.32329,-95.30091
75702,32.36285,-95.31526
75703,32.23855,-95.32063
75704,32.40753,-95.44131
75705,32.36603,-95.10277
75706,32.46601,-95.30761
75707,32.30356,-95.17689
75708,32.41635,-95.20958
75709,32.31072,-95.39289
75750,32.27445,-95.07492
75751,32.09642,-95.9083
75752,32.24451,-95.80858
75754,32.4258,-95.66521
75755,32.63314,-95.08597
75756,32.30402,-95.60002
75757,32.11464,-95.349
75758,32.27542,-95.50733
75759,32.03594,-95.41876
75760,31.80409,-94.8556
75762,32.21684,-95.4138
75763,32.04188,-95.52213
75764,31.89548,-95.14371
75765,32.64159,-95.23516
75766,31.9462,-95.25704
75770,32.13856,-95.64876
75771,32.5361,-95.43456
75773,32.67876,-95.4459
75778,32.3023,-95.71185
75779,31.86518,-95.48588
75780,31.99106,-95.09184
75783,32.82157,-95.42366
75784,31.8737,-94.97332
75785,31.77995,-95.17381
75788,31.82598,-94.92588
75789,32.10912,-95.09694
75790,32.53227,-95.64262
75791,32.22164,-95.22053
75792,32.47669,-95.10197
75801,31.73458,-95.53316
75803,31.87441,-95.66914
75831,31.46233,-96.01473
75832,31.91903,-95.9946
75833,31.26718,-95.83899
75835,31.2935,-95.49194
75838,31.47744,-96.22823
75839,31.606,-95.5779
75840,31.78236,-96.089
75844,31.51376,-95.43842
75845,31.10075,-95.08953
75846,31.33863,-96.16545
75847,31.35383,-95.14609
75848,31.76525,-96.32993
75849,31.4175,-95.48166
75850,31.13743,-95.91682
75851,31.09325,-95.49714
75852,30.96687,-95.71167
75853,31.93692,-95.81322
75855,31.5622,-95.85025
75856,31.18888,-95.25573
75858,31.39076,-95.12694
75859,31.8816,-96.24023
75860,31.6209,-96.24864
75861,31.85323,-95.89241
75862,30.95984,-95.32384
75901,31.30134,-94.65552
75904,31.33969,-94.82173
75925,31.61115,-95.06597
75926,31.25151,-94.96273
75928,30.67149,-93.71174
75929,31.2455,-94.19467
75930,31.322,-94.03264
75931,31.1108,-94.00384
75932,31.05408,-93.60987
75933,30.5581,-93.81161
75934,30.8959,-94.75068
75935,31.73268,-94.20157
75936,30.95212,-94.57962
75937,31.45872,-94.3765
75938,30.93261,-94.35343
75939,31.01825,-94.79404
75941,31.17991,-94.76368
75942,30.8163,-94.43156
75943,31.65356,-94.88784
75944,31.33734,-94.38859
75946,31.8136,-94.5254
75948,31.30812,-93.77894
75949,31.23143,-94.51943
75951,30.94151,-94.05383
75954,31.92347,-94.05437
75956,30.67771,-93.97824
75959,31.51451,-93.84929
75960,30.91444,-94.86708
75961,31.56112,-94.50001
75962,31.61986,-94.64708
75964,31.62169,-94.74495
75965,31.72385,-94.62609
75966,30.8352,-93.72844
75968,31.25262,-93.95041
75969,31.44688,-94.89891
75972,31.49499,-94.12708
75973,31.71653,-93.93295
75974,31.95671,-94.23869
75975,31.89738,-94.41302
75976,31.52059,-94.92748
75977,31.06121,-93.78207
75978,31.50912,-94.52722
75979,30.7763,-94.4015
75980,31.12666,-94.35255
76001,32.63041,-97.15278
76002,32.62262,-97.09226
76006,32.78493,-97.10019
76008,32.69283,-97.6237
76009,32.41579,-97.20169
76010,32.72283,-97.08035
76011,32.75425,-97.08254
76012,32.75461,-97.13902
76013,32.72033,-97.15646
76014,32.69202,-97.08794
76015,32.69221,-97.13341
76016,32.68906,-97.18871
76017,32.66204,-97.16261
76018,32.66077,-97.09
76020,32.90004,-97.56544
76021,32.85231,-97.13119
76022,32.83064,-97.14522
76023,33.0485,-97.60577
76028,32.52605,-97.30317
76031,32.34848,-97.33114
76033,32.28511,-97.51137
76034,32.89119,-97.14877
76035,32.56288,-97.63361
76036,32.57702,-97.41283
76039,32.85936,-97.08383
76040,32.8147,-97.09677
76041,32.24004,-96.84635
76043,32.20528,-97.79713
76044,32.42759,-97.54354
76048,32.42318,-97.80877
76049,32.46394,-97.70805
76050,32.27536,-97.16601
76051,32.92498,-97.07177
76052,32.98625,-97.37657
76053,32.8171,-97.17951
76054,32.85918,-97.17782
76055,32.16217,-97.15511
76058,32.46692,-97.42395
76059,32.39253,-97.32686
76060,32.64076,-97.21584
76061,32.50396,-97.18842
76063,32.5698,-97.14273
76064,32.30137,-97.03549
76065,32.47047,-96.98898
76066,32.70727,-97.99502
76067,32.80005,-98.12755
76070,32.26241,-97.65425
76071,33.00546,-97.4794
76073,33.10347,-97.72734
76077,32.28213,-97.70548
76078,33.08916,-97.46658
76082,32.9705,-97.71843
76084,32.4322,-97.08947
76085,32.8503,-97.70076
76086,32.75481,-97.78995
76087,32.67075,-97.78314
76088,32.84576,-97.90141
76092,32.95998,-97.14859
76093,32.21723,-97.3949
76102,32.75923,-97.32978
76103,32.75207,-97.26549
76104,32.7287,-97.31777
76105,32.72406,-97.26935
76106,32.81451,-97.35244
76107,32.74171,-97.38196
76108,32.77595,-97.52195
76109,32.701,-97.38392
76110,32.70696,-97.33888
76111,32.77809,-97.29988
76112,32.74812,-97.21845
76114,32.77444,-97.40272
76115,32.67877,-97.33078
76116,32.72172,-97.44637
76117,32.80369,-97.26755
76118,32.79966,-97.20767
76119,32.69064,-97.26215
76120,32.77221,-97.17821
76123,32.61898,-97.39318
76126,32.63383,-97.51234
76127,32.77701,-97.43019
76129,32.7087,-97.36342
76131,32.88334,-97.34692
76132,32.66759,-97.41797
76133,32.65393,-97.37723
76134,32.64274,-97.33353
76135,32.83435,-97.46485
76137,32.8588,-97.29129
76140,32.6206,-97.2701
76148,32.86811,-97.25197
76155,32.82398,-97.04866
76164,32.78114,-97.35461
76177,32.97521,-97.3112
76179,32.9144,-97.43777
76180,32.83996,-97.22499
76182,32.88278,-97.20984
76201,33.22113,-97.14723
76205,33.19028,-97.12812
76207,33.22856,-97.18131
76208,33.20883,-97.05736
76209,33.23157,-97.10988
76210,33.15036,-97.096
76225,33.36444,-97.67311
76226,33.11035,-97.16947
76227,33.27392,-96.99052
76228,33.62099,-98.06028
76230,33.51993,-97.95469
76233,33.53626,-96.90828
76234,33.272,-97.51417
76238,33.48819,-97.35067
76239,33.51986,-97.54515
76240,33.65629,-97.17453
76244,32.93098,-97.28435
76245,33.82798,-96.84912
76247,33.09842,-97.32495
76248,32.92574,-97.22899
76249,33.2828,-97.3041
76250,33.63013,-97.23578
76251,33.62076,-97.68976
76252,33.68568,-97.38545
76253,33.61587,-97.31078
76255,33.82,-97.72916
76258,33.3719,-96.91965
76259,33.20016,-97.30705
76261,33.80065,-97.96329
76262,33.00948,-97.22581
76263,33.46746,-97.45338
76264,33.73974,-96.83528
76265,33.74828,-97.54502
76266,33.36725,-97.21416
76268,33.62759,-96.76741
76270,33.45613,-97.75203
76271,33.46699,-96.90778
76272,33.46625,-97.1289
76273,33.74558,-96.93354
76301,33.90561,-98.48
76302,33.86456,-98.49109
76305,33.99939,-98.39395
76306,33.9451,-98.52395
76308,33.85238,-98.54057
76309,33.89493,-98.54383
76310,33.7986,-98.51092
76311,33.96947,-98.50898
76351,33.56891,-98.67458
76354,34.09738,-98.62144
76357,34.08174,-98.18468
76360,33.96894,-98.96631
76363,33.48303,-99.542
76364,34.11368,-99.01676
76365,33.75812,-98.20162
76366,33.727,-98.78208
76367,33.97433,-98.72274
76370,33.53169,-98.88815
76371,33.48662,-99.64033
76372,33.25294,-98.919
76373,34.13069,-99.11397
76374,33.35974,-98.73818
76377,34.01483,-98.23963
76379,33.67016,-98.47541
76380,33.61862,-99.2424
76384,34.16774,-99.32555
76388,33.32169,-99.63092
76389,33.51579,-98.45822
76401,32.28259,-98.19882
76402,32.2164,-98.21729
76424,32.80509,-98.89861
76426,33.16683,-97.84266
76427,33.15546,-98.37755
76429,32.74099,-98.67419
76430,32.785,-99.2474
76431,33.31748,-97.85664
76432,31.84218,-98.79696
76433,32.3152,-98.01972
76435,32.25176,-98.85668
76436,31.86715,-98.22143
76437,32.39591,-99.02367
76442,31.89183,-98.61491
76443,32.13333,-99.21055
76444,32.11471,-98.56571
76445,32.2995,-98.55077
76446,32.07521,-98.34946
76448,32.40016,-98.80082
76449,32.91566,-98.32279
76450,33.0626,-98.62573
76452,31.75506,-98.3541
76453,32.5856,-98.34162
76454,32.20812,-98.729
76455,31.80575,-98.38355
76457,31.952,-98.02941
76458,33.21795,-98.1877
76459,33.27406,-98.38756
76460,33.30966,-98.49838
76462,32.52348,-98.02749
76463,32.45666,-98.41488
76464,32.5559,-99.16497
76466,32.43333,-98.73745
76469,32.34527,-99.19388
76470,32.50228,-98.66151
76471,32.11606,-98.98478
76472,32.60118,-98.17055
76474,31.97297,-98.79289
76475,32.65904,-98.49888
76476,32.36651,-97.91946
76481,32.9956,-98.74309
76483,33.18879,-99.27221
76484,32.75833,-98.28241
76486,33.02291,-98.0622
76487,32.97949,-97.88221
76490,32.94544,-98.01889
76491,33.03487,-99.05052
76501,31.07505,-97.25433
76502,31.09622,-97.41034
76504,31.13807,-97.37258
76508,31.07746,-97.36411
76511,30.80164,-97.42497
76513,31.05136,-97.49967
76518,30.84974,-97.15418
76519,30.99426,-97.04726
76520,30.87611,-96.90748
76522,31.21606,-97.97338
76523,30.78956,-97.29127
76524,31.26693,-97.20313
76525,31.48559,-98.14598
76527,30.84419,-97.80605
76528,31.42046,-97.76154
76530,30.71583,-97.42174
76531,31.6858,-98.18813
76534,30.88262,-97.37359
76537,30.81749,-97.60543
76538,31.64149,-97.89017
76539,31.08867,-98.00991
76541,31.11409,-97.72892
76542,31.0106,-97.74609
76543,31.13896,-97.64326
76544,31.14311,-97.76164
76548,31.05081,-97.64587
76549,31.01317,-97.82996
76550,31.08754,-98.22873
76554,30.97575,-97.3678
76556,30.70285,-96.82583
76557,31.29554,-97.39494
76559,31.07639,-97.60489
76561,31.41292,-97.53715
76565,31.64369,-98.351
76566,31.51053,-97.99616
76567,30.65,-97.00757
76569,30.94373,-97.22878
76570,31.08166,-96.93866
76571,30.93381,-97.58907
76573,30.81862,-97.50231
76574,30.58422,-97.38742
76577,30.62971,-97.16969
76578,30.53614,-97.2379
76579,31.197,-97.2637
76596,31.47755,-97.7296
76597,31.48643,-97.70685
76598,31.47533,-97.73546
76599,31.4679,-97.73518
76621,31.88299,-97.08594
76622,31.82204,-97.24398
76623,32.21038,-96.75658
76624,31.6566,-96.9596
76626,32.10623,-96.71536
76627,32.10741,-97.39448
76628,32.03143,-96.95221
76629,31.15492,-96.6554
76630,31.34051,-97.2209
76631,31.97451,-96.96749
76632,31.29873,-97.06009
76633,31.6781,-97.31732
76634,31.80782,-97.56147
76635,31.7284,-96.66385
76636,32.17157,-97.28592
76637,31.76614,-97.81682
76638,31.5498,-97.44461
76639,31.87246,-96.65574
76640,31.68989,-97.07077
76641,32.03449,-96.79489
76642,31.50133,-96.51758
76643,31.4538,-97.19366
76645,32.02172,-97.1336
76648,31.84718,-96.80272
76649,32.00077,-97.87751
76650,31.98357,-96.8604
76651,32.1807,-96.86697
76652,32.11575,-97.57043
76653,31.29809,-96.60818
76654,31.73054,-97.01427
76655,31.39608,-97.1774
76656,31.18466,-97.05859
76657,31.4458,-97.39449
76660,31.9243,-96.90239
76661,31.31864,-96.84932
76664,31.55795,-96.79575
76665,31.9135,-97.71631
76666,32.04403,-96.91737
76667,31.65532,-96.46855
76670,32.13146,-96.98936
76671,31.99488,-97.53198
76673,31.74945,-96.89139
76676,31.86551,-96.95103
76678,31.6555,-96.7588
76679,31.92429,-96.58564
76680,31.19335,-96.81792
76681,31.8933,-96.43509
76682,31.45363,-96.9059
76685,31.3533,-97.01114
76686,31.76592,-96.55798
76687,31.37174,-96.49932
76689,31.66662,-97.50416
76690,32.08226,-97.73324
76691,31.77816,-97.09626
76692,31.95806,-97.32888
76693,31.78599,-96.40642
76701,31.55202,-97.13858
76704,31.57679,-97.12697
76705,31.62656,-97.09606
76706,31.46653,-97.0912
76707,31.55371,-97.15818
76708,31.62687,-97.21135
76710,31.53875,-97.19525
76711,31.51441,-97.15333
76712,31.52401,-97.25565
76798,31.5484,-97.11901
76801,31.7425,-99.03991
76802,31.75327,-98.90283
76820,30.76719,-99.04869
76821,31.7387,-99.93626
76823,31.70119,-99.15992
76824,31.00358,-98.47066
76825,31.10474,-99.39545
76827,31.52636,-99.12819
76828,32.00902,-99.29395
76831,30.63982,-98.91956
76832,30.98539,-98.73036
76834,31.87437,-99.47038
76836,31.42602,-99.55599
76837,31.2208,-99.89594
76841,30.89369,-100.09665
76842,30.95434,-99.07297
76844,31.43787,-98.50904
76845,31.54732,-99.48707
76848,30.84316,-99.56995
76849,30.48896,-99.79705
76852,31.35942,-99.45093
76853,31.24578,-98.38721
76854,30.68565,-99.57564
76856,30.70618,-99.26619
76857,31.93192,-98.93509
76858,31.19745,-99.62051
76859,30.908,-99.83252
76861,31.59103,-100.19533
76862,31.41517,-99.68743
76864,31.5541,-98.73378
76865,31.85815,-100.1663
76866,31.46085,-99.92784
76869,30.91283,-98.99787
76870,31.63824,-98.52981
76871,31.29052,-98.98711
76872,31.32323,-99.16709
76873,31.51108,-99.37924
76874,30.45873,-100.06913
76875,31.60276,-100.00574
76877,31.17246,-98.75694
76878,31.65761,-99.29342
76882,31.81966,-99.70243
76884,31.73029,-99.55325
76885,30.87708,-98.86324
76887,31.01268,-99.16058
76888,31.60827,-99.63989
76890,31.69146,-98.77559
76901,31.54094,-100.62879
76903,31.48482,-100.43723
76904,31.28359,-100.39453
76905,31.50981,-100.32215
76908,31.43208,-100.40222
76930,31.27277,-101.17275
76932,31.26949,-101.54094
76933,31.86341,-100.28783
76934,31.60302,-100.66902
76935,31.08045,-100.41658
76936,30.88566,-100.58752
76937,31.38855,-100.15142
76939,31.27777,-100.55738
76940,31.43903,-100.14294
76941,31.26807,-100.91168
76943,30.53101,-101.30066
76945,31.88095,-100.61152
76949,32.04179,-100.69269
76950,30.43734,-100.56036
76951,31.81488,-101.04641
76953,31.72302,-100.32765
76955,31.28953,-100.15274
76957,31.3722,-100.30507
76958,31.59514,-100.79923
77002,29.75641,-95.3653
77003,29.7493,-95.34582
77004,29.72463,-95.36307
77005,29.71817,-95.4242
77006,29.74107,-95.39133
77007,29.77128,-95.41145
77008,29.7986,-95.41754
77009,29.79504,-95.36747
77010,29.75364,-95.35983
77011,29.74326,-95.30844
77012,29.71893,-95.27429
77013,29.79547,-95.2382
77014,29.9805,-95.46358
77015,29.76437,-95.17346
77016,29.86157,-95.29998
77017,29.68995,-95.25224
77018,29.82693,-95.4259
77019,29.75322,-95.41028
77020,29.77305,-95.3138
77021,29.69711,-95.35744
77022,29.83057,-95.37698
77023,29.72163,-95.31848
77024,29.77083,-95.51166
77025,29.68661,-95.43499
77026,29.8001,-95.32947
77027,29.74024,-95.44588
77028,29.82466,-95.28679
77029,29.76277,-95.26243
77030,29.70629,-95.4026
77031,29.65448,-95.54639
77032,29.96497,-95.3416
77033,29.66723,-95.33702
77034,29.61752,-95.19245
77035,29.65245,-95.47702
77036,29.70167,-95.53594
77037,29.89119,-95.39443
77038,29.9186,-95.44169
77039,29.90926,-95.34118
77040,29.87442,-95.52782
77041,29.86046,-95.58076
77042,29.74115,-95.5606
77043,29.81187,-95.58126
77044,29.8979,-95.17696
77045,29.63571,-95.43306
77046,29.73376,-95.4334
77047,29.60844,-95.38665
77048,29.62042,-95.3303
77049,29.83413,-95.14734
77050,29.90305,-95.2701
77051,29.6562,-95.38015
77053,29.58303,-95.46032
77054,29.68088,-95.40493
77055,29.79764,-95.49174
77056,29.74833,-95.46803
77057,29.74546,-95.48868
77058,29.56283,-95.09287
77059,29.60764,-95.12482
77060,29.93514,-95.39688
77061,29.65377,-95.28422
77062,29.57485,-95.13148
77063,29.73555,-95.52161
77064,29.92218,-95.54705
77065,29.92696,-95.60376
77066,29.95663,-95.50204
77067,29.95272,-95.44687
77068,30.00596,-95.48692
77069,29.9857,-95.52438
77070,29.97776,-95.57315
77071,29.65293,-95.52028
77072,29.69962,-95.58504
77073,29.99985,-95.39953
77074,29.68802,-95.51627
77075,29.62091,-95.26715
77076,29.85962,-95.38351
77077,29.75012,-95.61547
77078,29.853,-95.2516
77079,29.77629,-95.60467
77080,29.8159,-95.52401
77081,29.71205,-95.48116
77082,29.72359,-95.64179
77083,29.69326,-95.6489
77084,29.82641,-95.66214
77085,29.62431,-95.48427
77086,29.91822,-95.49108
77087,29.68612,-95.30343
77088,29.88181,-95.45352
77089,29.58675,-95.22525
77090,30.00863,-95.44388
77091,29.85378,-95.44065
77092,29.82964,-95.47377
77093,29.86227,-95.341
77094,29.76211,-95.67823
77095,29.90819,-95.65323
77096,29.67473,-95.47956
77098,29.73487,-95.41529
77099,29.67076,-95.58512
77201,29.76601,-95.36452
77301,30.30792,-95.43426
77302,30.22236,-95.359
77303,30.37665,-95.38135
77304,30.32957,-95.5141
77306,30.27976,-95.31256
77316,30.31022,-95.67998
77318,30.44572,-95.54319
77320,30.804,-95.55093
77326,30.50488,-94.81705
77327,30.32154,-94.92631
77328,30.3963,-95.19392
77331,30.6165,-95.16596
77334,30.77998,-95.36464
77335,30.58762,-94.92472
77336,30.06429,-95.09884
77338,30.00679,-95.29018
77339,30.04922,-95.22136
77340,30.64369,-95.53981
77342,30.74017,-95.55393
77345,30.05415,-95.159
77346,29.99497,-95.17718
77350,30.82872,-94.8481
77351,30.7127,-94.82192
77354,30.21107,-95.64787
77355,30.15769,-95.74806
77356,30.45055,-95.70182
77357,30.15847,-95.19113
77358,30.55777,-95.43502
77359,30.75385,-95.29988
77360,30.84704,-95.11402
77362,30.15826,-95.66832
77363,30.32935,-95.85389
77364,30.76591,-95.22091
77365,30.11106,-95.26741
77367,30.85583,-95.39831
77368,30.45857,-94.82625
77369,30.42366,-94.74519
77371,30.49362,-94.99091
77372,30.2408,-95.16107
77373,30.06145,-95.38415
77374,30.39595,-94.62253
77375,30.09543,-95.58939
77376,30.44803,-94.67383
77377,30.06135,-95.68202
77378,30.4574,-95.36868
77379,30.0391,-95.5338
77380,30.13644,-95.46867
77381,30.17818,-95.50144
77382,30.19805,-95.54607
77384,30.23494,-95.49526
77385,30.18888,-95.42224
77386,30.10125,-95.35583
77388,30.05984,-95.46851
77389,30.11516,-95.50749
77396,29.94821,-95.25987
77401,29.70443,-95.46175
77406,29.64358,-95.798
77407,29.67651,-95.71253
77412,29.555,-96.42817
77414,28.89959,-95.88091
77415,28.93254,-95.73575
77417,29.46456,-95.96703
77418,29.97879,-96.25057
77419,28.85075,-96.2561
77420,29.2581,-95.93008
77422,28.96093,-95.56106
77423,29.83893,-95.98251
77426,30.11817,-96.24904
77428,28.62311,-96.18974
77429,29.99104,-95.65878
77430,29.26718,-95.65369
77432,29.06992,-96.19387
77433,29.94913,-95.73923
77434,29.52568,-96.30213
77435,29.51733,-96.11113
77436,29.42393,-96.23226
77437,29.21304,-96.28036
77440,28.89496,-96.15087
77441,29.66827,-95.92279
77442,29.42427,-96.50681
77443,29.34828,-96.19267
77444,29.28815,-95.7772
77445,30.09967,-96.06494
77446,30.0868,-95.99048
77447,30.05123,-95.83044
77448,29.41537,-96.08662
77449,29.83556,-95.73813
77450,29.7463,-95.73832
77451,29.4379,-96.00165
77453,29.21196,-95.99945
77454,29.52037,-96.21862
77455,29.13957,-96.43033
77456,29.00034,-96.09042
77457,28.7091,-95.92231
77458,28.9529,-96.24037
77459,29.52569,-95.533
77460,29.39744,-96.38451
77461,29.38012,-95.80673
77464,29.59338,-95.96183
77465,28.76252,-96.22966
77466,29.80563,-96.01287
77467,29.21068,-96.12324
77468,29.14259,-95.93111
77469,29.48,-95.68315
77470,29.53215,-96.55143
77471,29.54596,-95.86816
77473,29.79516,-96.1077
77474,29.77377,-96.17926
77475,29.49304,-96.65872
77476,29.67245,-95.98326
77477,29.62571,-95.56673
77478,29.61964,-95.60701
77479,29.56645,-95.63557
77480,29.09235,-95.76601
77481,29.4704,-95.55997
77482,29.10206,-95.8802
77483,28.78761,-95.83652
77484,30.07528,-95.93086
77485,29.63418,-96.05609
77486,29.15809,-95.68091
77488,29.30682,-96.09125
77489,29.6006,-95.5163
77493,29.85208,-95.83094
77494,29.7433,-95.82861
77498,29.64338,-95.65236
77502,29.67951,-95.19977
77503,29.70217,-95.15943
77504,29.64802,-95.18998
77505,29.64608,-95.13826
77506,29.71491,-95.20013
77507,29.62604,-95.06453
77510,29.36108,-95.08555
77511,29.38147,-95.24205
77514,29.68073,-94.59949
77515,29.17431,-95.44987
77517,29.36962,-95.13221
77518,29.50706,-94.98696
77519,30.23425,-94.60224
77520,29.73897,-94.9983
77521,29.79849,-94.96589
77523,29.78789,-94.86717
77530,29.78836,-95.11149
77531,29.04936,-95.39242
77532,29.93018,-95.05654
77533,30.09162,-94.59605
77534,29.22631,-95.30894
77535,30.05701,-94.91785
77536,29.69839,-95.12128
77538,29.99155,-94.53112
77539,29.45601,-95.03171
77541,29.02694,-95.3112
77545,29.53635,-95.47461
77546,29.51492,-95.19219
77547,29.73604,-95.23785
77550,29.30979,-94.77747
77551,29.27871,-94.83324
77554,29.24558,-94.92353
77560,29.87663,-94.59323
77561,30.16652,-94.73547
77562,29.83106,-95.05353
77563,29.29417,-95.03029
77564,30.20361,-94.66744
77565,29.53626,-95.03016
77566,29.05023,-95.47549
77568,29.36383,-94.97975
77571,29.69049,-95.05358
77573,29.50205,-95.08652
77575,30.07536,-94.73395
77577,29.27975,-95.27872
77578,29.48137,-95.36556
77580,29.86761,-94.86918
77581,29.56048,-95.27752
77583,29.38138,-95.46218
77584,29.546,-95.35082
77585,30.29549,-94.52241
77586,29.58435,-95.03611
77587,29.66108,-95.22955
77590,29.39095,-94.91973
77591,29.39941,-94.99751
77597,29.83708,-94.70222
77598,29.53781,-95.13687
77611,30.0132,-93.82257
77612,30.40615,-93.92572
77613,30.04723,-94.35561
77614,30.30478,-93.76105
77615,30.32408,-94.0597
77616,30.56777,-94.17998
77617,29.5065,-94.52148
77619,29.94725,-93.91849
77622,29.86001,-94.29898
77623,29.55989,-94.41713
77624,30.68373,-94.29165
77625,30.37576,-94.37901
77627,29.98744,-94.0091
77629,29.97773,-94.40228
77630,30.0711,-93.86461
77632,30.20328,-93.80512
77640,29.88111,-93.94104
77642,29.93921,-93.91601
77650,29.42768,-94.68578
77651,29.98506,-93.95606
77655,29.71321,-93.95375
77656,30.41587,-94.17206
77657,30.2256,-94.19614
77659,30.15814,-94.43521
77660,30.64628,-94.14546
77661,29.73463,-94.41377
77662,30.17843,-94.01841
77663,30.51239,-94.39542
77664,30.59999,-94.41636
77665,29.81687,-94.41658
77701,30.07314,-94.106
77702,30.08626,-94.12829
77703,30.12828,-94.1174
77705,29.9046,-94.16145
77706,30.09973,-94.17074
77707,30.05295,-94.17654
77708,30.14476,-94.16485
77713,30.06085,-94.25398
77801,30.63892,-96.36344
77802,30.66126,-96.32265
77803,30.68082,-96.38545
77807,30.67878,-96.48007
77808,30.78934,-96.31434
77830,30.52414,-96.01185
77831,30.72848,-95.90476
77833,30.21068,-96.40706
77835,30.1917,-96.595
77836,30.53745,-96.67998
77837,31.00731,-96.68717
77840,30.60907,-96.32603
77845,30.56255,-96.27564
77853,30.36444,-96.84281
77855,31.14554,-96.14068
77856,31.07333,-96.42385
77857,30.78439,-96.70859
77859,30.86932,-96.51734
77861,30.72741,-96.09598
77864,30.95416,-95.90559
77865,31.23035,-96.22812
77867,30.74124,-96.5444
77868,30.3686,-96.0616
77871,31.05102,-96.11752
77872,30.88687,-96.11025
77873,30.57425,-95.81288
77876,30.59729,-95.87444
77878,30.47152,-96.43602
77879,30.39927,-96.49694
77880,30.2814,-96.18402
77901,28.80493,-96.98473
77904,28.92333,-97.01817
77905,28.73132,-97.04241
77950,28.30141,-96.87481
77951,28.63416,-96.91088
77954,29.09674,-97.28269
77957,29.03768,-96.70042
77960,28.6691,-97.20818
77961,28.85742,-96.36155
77962,29.02263,-96.48946
77963,28.65702,-97.41547
77964,29.377,-96.84377
77968,28.90923,-96.84711
77969,28.77244,-96.65117
77970,28.84469,-96.43448
77971,28.83223,-96.52193
77973,28.54326,-96.96374
77974,28.89163,-97.29485
77975,29.56786,-97.08484
77976,28.95449,-97.12272
77977,28.69558,-96.79413
77978,28.66665,-96.57238
77979,28.6023,-96.60786
77982,28.44603,-96.46008
77983,28.42886,-96.57442
77984,29.45352,-97.18786
77987,29.34254,-97.07564
77988,28.83908,-96.88964
77990,28.46992,-96.91716
77991,28.79625,-96.61312
77993,28.85774,-97.42858
77994,29.17819,-97.46017
77995,29.2118,-97.08342
78001,28.29493,-99.21954
78002,29.28295,-98.73826
78003,29.70959,-99.09413
78004,29.90071,-98.55582
78005,28.94843,-98.85242
78006,29.85533,-98.72266
78007,28.49506,-98.37836
78008,28.72411,-98.27925
78009,29.3573,-98.88669
78010,29.91232,-99.04483
78011,28.79236,-98.72126
78012,28.75992,-98.47914
78013,29.97059,-98.90519
78014,28.36133,-99.14499
78015,29.74699,-98.6555
78016,29.18359,-98.96601
78017,28.70688,-99.1938
78019,28.04207,-99.39642
78021,28.50102,-98.82637
78022,28.25927,-98.14445
78023,29.61087,-98.74532
78024,30.00114,-99.48089
78025,30.08364,-99.28318
78026,28.83753,-98.59731
78027,29.97555,-98.54274
78028,30.03422,-99.15819
78029,30.1591,-99.34498
78039,29.31372,-98.82964
78040,27.51345,-99.50228
78041,27.55417,-99.46337
78043,27.54915,-99.26173
78044,27.75007,-99.13105
78045,27.85007,-99.66888
78046,27.37485,-99.34941
78050,29.07057,-98.4819
78052,29.20448,-98.77533
78055,29.82095,-99.31944
78056,29.53766,-98.93487
78057,29.0393,-98.99951
78058,30.0957,-99.63952
78059,29.1919,-98.84177
78060,28.44686,-98.107
78061,28.90171,-99.14689
78063,29.68785,-98.91422
78064,28.93614,-98.42572
78065,29.07762,-98.63983
78066,29.47943,-98.89559
78067,27.13267,-99.33646
78069,29.18606,-98.68108
78070,29.89823,-98.4063
78071,28.46949,-98.22431
78072,28.30174,-98.58516
78073,29.24486,-98.61955
78075,28.60116,-98.35312
78076,26.93098,-99.15507
78101,29.34403,-98.23886
78102,28.40248,-97.71085
78104,28.51879,-97.76466
78107,28.5493,-97.57399
78108,29.57434,-98.2188
78109,29.48787,-98.29148
78112,29.21277,-98.37165
78113,28.95337,-98.12689
78114,29.11822,-98.2018
78116,29.11262,-97.75698
78117,28.94398,-97.95449
78118,28.88645,-97.95035
78119,28.73025,-97.89596
78121,29.35147,-98.10722
78122,29.4366,-97.73586
78123,29.6024,-98.04405
78124,29.55515,-98.14733
78125,28.53824,-97.96328
78130,29.69772,-98.0702
78132,29.76312,-98.1911
78133,29.88674,-98.24214
78140,29.30695,-97.76914
78141,28.91743,-97.627
78142,28.53663,-97.81053
78143,29.26244,-97.86053
78144,28.95506,-97.88795
78145,28.64519,-97.99409
78146,28.60318,-97.83851
78147,29.07378,-98.08017
78148,29.5435,-98.29566
78150,29.53079,-98.279
78151,28.86507,-97.70391
78152,29.43411,-98.20648
78154,29.54622,-98.26628
78155,29.5334,-97.93886
78159,29.23633,-97.58722
78160,29.24305,-97.92956
78161,29.28696,-98.0574
78162,28.58997,-97.77349
78163,29.76676,-98.45478
78164,28.98216,-97.52254
78201,29.46876,-98.52824
78202,29.42814,-98.46082
78203,29.41507,-98.45918
78204,29.4032,-98.50372
78205,29.42353,-98.48595
78207,29.42214,-98.52545
78208,29.43985,-98.45861
78209,29.48906,-98.45671
78210,29.39601,-98.46437
78211,29.34642,-98.56314
78212,29.4646,-98.49266
78213,29.51693,-98.52361
78214,29.32652,-98.46938
78215,29.44125,-98.48048
78216,29.53646,-98.4892
78217,29.54045,-98.42007
78218,29.4915,-98.4011
78219,29.44204,-98.38753
78220,29.41674,-98.39321
78221,29.28018,-98.47826
78222,29.36614,-98.37786
78223,29.3122,-98.39089
78224,29.29428,-98.53945
78225,29.38799,-98.52602
78226,29.38373,-98.5691
78227,29.40626,-98.62941
78228,29.46095,-98.57201
78229,29.50555,-98.5722
78230,29.54613,-98.55551
78231,29.57806,-98.54271
78232,29.58813,-98.47482
78233,29.55554,-98.36174
78234,29.46039,-98.43924
78235,29.34604,-98.44367
78236,29.37811,-98.64431
78237,29.42111,-98.56936
78238,29.47142,-98.61823
78239,29.5168,-98.363
78240,29.52465,-98.60749
78242,29.35068,-98.60741
78243,29.37168,-98.59514
78244,29.4738,-98.35006
78245,29.40396,-98.73079
78247,29.58549,-98.40706
78248,29.59043,-98.52525
78249,29.56794,-98.61344
78250,29.50319,-98.66622
78251,29.46217,-98.67597
78252,29.34095,-98.70525
78253,29.46742,-98.79061
78254,29.53692,-98.73779
78255,29.65431,-98.66554
78256,29.62304,-98.62635
78257,29.66125,-98.58357
78258,29.6337,-98.49605
78259,29.6263,-98.42781
78260,29.69666,-98.48745
78261,29.69179,-98.40194
78263,29.35945,-98.30933
78264,29.18832,-98.50115
78266,29.65386,-98.33056
78330,27.74268,-97.91564
78332,27.71843,-98.14284
78335,27.87319,-97.09231
78336,27.94281,-97.18347
78338,26.89255,-97.76259
78339,27.8051,-97.79225
78340,28.12487,-97.21094
78341,27.62992,-98.48907
78342,27.65994,-98.07565
78343,27.6194,-97.74459
78344,27.48004,-98.86472
78349,27.37535,-98.29991
78351,27.67312,-97.75971
78352,27.96291,-97.67901
78353,26.88252,-98.22368
78355,27.19012,-98.20251
78357,27.84383,-98.6217
78358,28.06831,-97.04422
78359,27.92357,-97.28712
78361,27.10434,-98.78676
78362,27.86644,-97.202
78363,27.44952,-97.86266
78368,28.10546,-97.8103
78369,27.36791,-98.99744
78370,27.94872,-97.60099
78371,27.62829,-98.95939
78372,27.98728,-98.0559
78373,27.77081,-97.12146
78374,27.89798,-97.37805
78375,27.39448,-98.14464
78376,27.41844,-98.51401
78377,28.35557,-97.15776
78379,27.30223,-97.79593
78380,27.78904,-97.74623
78382,28.14389,-97.05081
78383,28.09163,-97.96376
78384,27.85315,-98.37031
78385,27.17648,-97.82556
78387,28.09173,-97.54469
78389,28.24899,-97.6607
78390,27.99889,-97.32982
78391,28.18201,-97.73277
78393,28.19994,-97.36805
78401,27.79814,-97.40096
78402,27.82253,-97.3967
78404,27.76805,-97.39899
78405,27.77425,-97.43876
78406,27.77125,-97.51879
78407,27.81081,-97.43897
78408,27.795,-97.44693
78409,27.80941,-97.52283
78410,27.83848,-97.59654
78411,27.72946,-97.38567
78412,27.70386,-97.34302
78413,27.68352,-97.40538
78414,27.6603,-97.36893
78415,27.6566,-97.48182
78416,27.75202,-97.43651
78417,27.73965,-97.46681
78418,27.6155,-97.26563
78419,27.69491,-97.26889
78501,26.21583,-98.23917
78503,26.16531,-98.24764
78504,26.27199,-98.23657
78516,26.14583,-98.11938
78520,25.96396,-97.55009
78521,25.95038,-97.32167
78526,25.99101,-97.43946
78535,26.25422,-97.74283
78536,26.64926,-98.4511
78537,26.16193,-98.0567
78538,26.37276,-97.97821
78539,26.27915,-98.18321
78541,26.44808,-98.2842
78542,26.45199,-98.08433
78543,26.29737,-97.99997
78545,26.59041,-99.11813
78548,26.27077,-98.65456
78549,26.46091,-98.03375
78550,26.25668,-97.66671
78552,26.19515,-97.75029
78557,26.10688,-98.24342
78558,26.29962,-98.03525
78559,26.14816,-97.83135
78560,26.24621,-98.49434
78561,26.47802,-97.91812
78562,26.2936,-97.89878
78563,26.65735,-98.25679
78564,26.67347,-99.10304
78565,26.24351,-98.55199
78566,26.14669,-97.40331
78567,26.05192,-97.73932
78569,26.37182,-97.74312
78570,26.1748,-97.91091
78572,26.2281,-98.37665
78573,26.29366,-98.30077
78574,26.31893,-98.37006
78575,26.02475,-97.52767
78576,26.30714,-98.47605
78577,26.15047,-98.19104
78578,26.05308,-97.31838
78579,26.08664,-97.95966
78580,26.48667,-97.73793
78582,26.55556,-98.73563
78583,26.26418,-97.48613
78584,26.57856,-98.98753
78585,26.52601,-99.12132
78586,26.10508,-97.63109
78588,26.73785,-98.39723
78589,26.16789,-98.15483
78590,26.506,-97.6521
78591,26.58074,-98.51372
78592,26.06523,-97.84603
78593,26.27384,-97.82223
78594,26.34519,-97.79489
78595,26.29144,-98.54548
78596,26.15805,-97.98925
78597,26.2491,-97.19744
78598,26.55777,-97.43679
78602,30.12383,-97.3284
78605,30.78219,-98.04562
78606,30.0926,-98.46684
78607,30.8244,-98.47562
78608,30.93527,-97.93381
78609,30.76313,-98.44875
78610,30.07722,-97.83741
78611,30.79177,-98.26016
78612,30.0942,-97.48683
78613,30.50395,-97.82463
78614,29.41743,-97.59346
78615,30.46862,-97.38361
78616,29.94013,-97.562
78617,30.14718,-97.59615
78618,30.47773,-99.16514
78619,30.11223,-98.03326
78620,30.21894,-98.12895
78621,30.3385,-97.36146
78622,29.75397,-97.77604
78623,29.97297,-98.23303
78624,30.28151,-98.87712
78626,30.66539,-97.59735
78628,30.64109,-97.75111
78629,29.47721,-97.45171
78631,30.33775,-99.3053
78632,29.69633,-97.47047
78633,30.742,-97.75434
78634,30.55906,-97.54472
78635,30.21084,-98.55965
78636,30.30504,-98.41888
78638,29.65691,-97.79497
78639,30.66282,-98.44043
78640,29.99495,-97.82813
78641,30.56176,-97.91517
78642,30.69726,-97.94693
78643,30.69023,-98.69483
78644,29.87049,-97.67528
78645,30.44901,-97.96998
78648,29.69106,-97.6345
78650,30.29938,-97.21842
78652,30.13281,-97.87467
78653,30.33942,-97.52362
78654,30.57234,-98.20729
78655,29.81445,-97.84019
78656,29.90046,-97.80867
78657,30.53097,-98.37773
78659,30.20889,-97.1236
78660,30.44304,-97.5955
78661,29.72559,-97.75364
78662,29.93523,-97.43422
78663,30.42067,-98.33532
78664,30.50477,-97.64581
78665,30.54489,-97.64379
78666,29.87958,-97.96642
78669,30.42263,-98.12241
78670,29.77133,-97.82003
78671,30.21635,-98.62376
78672,30.85966,-98.4711
78675,30.44589,-98.68497
78676,30.03288,-98.1459
78677,29.34997,-97.58022
78681,30.53345,-97.72475
78701,30.27049,-97.74235
78702,30.26327,-97.71432
78703,30.29409,-97.76571
78704,30.24315,-97.76537
78705,30.29437,-97.73855
78712,30.28502,-97.73477
78717,30.48988,-97.75371
78719,30.14483,-97.67083
78721,30.27005,-97.68365
78722,30.28997,-97.71465
78723,30.30427,-97.6857
78724,30.2944,-97.61415
78725,30.23581,-97.60837
78726,30.42949,-97.84207
78727,30.4295,-97.71741
78728,30.45655,-97.68986
78729,30.45842,-97.75595
78730,30.36489,-97.83731
78731,30.34736,-97.76847
78732,30.37912,-97.8931
78733,30.32323,-97.87609
78734,30.37853,-97.94961
78735,30.2659,-97.86658
78736,30.2611,-97.95944
78737,30.18779,-97.95966
78738,30.31942,-97.95838
78739,30.17845,-97.88869
78741,30.23049,-97.71401
78742,30.24413,-97.6583
78744,30.18277,-97.7292
78745,30.20685,-97.79738
78746,30.29729,-97.81054
78747,30.12653,-97.74017
78748,30.16538,-97.82343
78749,30.21376,-97.85821
78750,30.41828,-97.80246
78751,30.31082,-97.72274
78752,30.3318,-97.70426
78753,30.38204,-97.67361
78754,30.35575,-97.64482
78756,30.32227,-97.74017
78757,30.35158,-97.73252
78758,30.38799,-97.70684
78759,30.40268,-97.76105
78801,29.35664,-99.87147
78802,29.15502,-99.88182
78827,28.42467,-99.73537
78828,29.86443,-100.01737
78829,28.88992,-99.5591
78830,28.52537,-99.50854
78832,29.39073,-100.41626
78833,29.69362,-100.0589
78834,28.46432,-99.92139
78836,28.29633,-99.70453
78837,29.83396,-101.21497
78838,29.5291,-99.74382
78839,28.71397,-99.81652
78840,29.74211,-100.88273
78843,29.35687,-100.77863
78850,29.2803,-99.32772
78851,30.00451,-101.93072
78852,28.75206,-100.31076
78860,28.4824,-100.29501
78861,29.4267,-99.15448
78870,29.29912,-99.62906
78871,29.99927,-101.64943
78872,28.92589,-99.88007
78873,29.76653,-99.73619
78877,28.94734,-100.59231
78879,29.64778,-99.67588
78880,29.97978,-100.28849
78881,29.38703,-99.52982
78883,29.68094,-99.31614
78884,29.61297,-99.49586
78885,29.82233,-99.54779
78886,29.13463,-99.16072
78931,30.02924,-96.44481
78932,30.16565,-96.70635
78933,29.79539,-96.35761
78934,29.69375,-96.56013
78935,29.69035,-96.43037
78938,29.80211,-96.69061
78940,29.93148,-96.66018
78941,29.74273,-97.15231
78942,30.16902,-96.92221
78943,29.71058,-96.61184
78944,30.00044,-96.498
78945,29.91566,-96.88947
78946,30.19124,-96.7709
78947,30.42087,-97.03765
78948,30.303,-96.962
78949,29.84133,-97.08594
78950,29.90255,-96.48193
78951,29.58729,-96.82441
78953,29.85221,-97.3483
78954,30.04585,-96.69958
78956,29.68793,-96.93415
78957,30.01287,-97.17577
78959,29.69773,-97.30285
78962,29.65418,-96.73556
78963,29.92617,-97.02795
79001,35.32994,-102.78511
79003,35.58004,-100.09469
79005,36.38545,-100.50396
79007,35.69979,-101.39788
79009,34.53322,-102.88568
79010,35.44483,-102.12361
79011,35.63469,-100.22942
79012,35.26652,-102.10915
79013,36.03842,-102.00335
79014,35.91221,-100.29815
79015,34.94033,-101.91645
79016,34.98342,-101.91869
79018,35.69549,-102.38627
79019,35.00734,-101.39694
79021,33.98484,-102.02773
79022,36.10661,-102.61108
79024,36.43866,-100.34721
79025,34.94105,-102.20592
79027,34.48692,-102.33088
79029,35.89512,-102.02432
79031,34.26917,-102.45283
79032,34.28289,-101.94141
79033,36.33008,-100.98394
79034,36.37348,-100.16502
79035,34.68445,-102.78722
79036,35.61317,-101.5486
79039,35.26041,-101.09514
79040,36.29869,-101.5571
79041,34.04769,-101.93131
79042,34.74685,-101.90316
79043,34.3705,-102.13488
79044,35.87299,-102.36703
79045,34.91238,-102.559
79046,36.16346,-100.1216
79051,36.47743,-102.26
79052,34.36103,-101.74243
79053,34.40737,-102.58598
79054,35.42573,-100.7875
79056,36.21716,-100.2212
79057,35.24304,-100.64262
79058,35.61639,-101.9076
79059,35.83018,-100.76786
79061,35.52039,-100.44182
79062,36.03137,-101.52535
79063,34.52584,-102.10042
79064,34.19815,-102.12114
79065,35.54207,-100.89977
79068,35.34372,-101.4365
79070,36.27683,-100.79875
79072,34.17157,-101.73864
79078,35.70049,-101.55827
79079,35.20904,-100.24311
79080,35.7348,-101.21074
79081,36.2301,-101.21809
79082,34.22431,-102.28774
79083,35.88432,-101.52804
79084,36.2801,-102.00052
79085,34.74073,-102.51441
79086,36.03845,-101.77411
79087,36.30895,-102.93592
79088,34.57853,-101.69538
79091,34.90633,-102.11251
79092,35.2815,-102.46868
79093,36.28992,-101.03396
79094,34.85074,-101.52675
79095,34.89616,-100.2061
79096,35.43811,-100.19616
79097,35.43582,-101.17852
79098,35.15532,-102.22843
79101,35.20599,-101.8395
79102,35.19953,-101.84679
79103,35.17735,-101.79438
79104,35.20277,-101.78864
79105,35.68833,-101.81166
79106,35.20318,-101.89519
79107,35.22938,-101.80225
79108,35.35066,-101.80583
79109,35.16631,-101.88646
79110,35.14901,-101.87111
79111,35.21967,-101.68927
79118,35.09861,-101.73879
79119,35.1103,-102.01664
79121,35.17471,-101.92969
79124,35.26275,-101.9691
79201,34.43714,-100.28085
79220,33.75776,-100.78642
79225,34.25629,-99.51497
79226,34.9032,-100.99529
79227,33.89959,-99.77069
79229,33.66676,-100.67822
79230,34.72708,-100.05158
79231,33.90636,-101.07004
79233,34.52345,-100.52865
79234,34.22681,-100.92952
79235,33.96354,-101.25214
79236,33.64183,-100.22812
79237,34.91338,-100.63785
79239,34.65106,-100.75781
79240,34.88121,-100.77109
79241,34.1848,-101.38675
79243,33.75949,-100.99107
79244,34.03173,-100.84614
79245,34.84545,-100.50845
79247,34.32984,-99.40915
79248,34.00044,-100.29275
79250,33.87872,-101.59392
79251,34.92884,-100.4389
79252,34.30503,-99.81699
79255,34.34612,-101.05839
79256,33.89496,-100.7464
79257,34.46104,-101.28703
79258,34.22723,-101.28847
79259,34.40296,-100.46304
79261,34.45015,-100.81109
79311,33.86075,-101.88301
79312,34.0517,-102.36313
79313,33.8049,-102.16223
79314,33.58496,-103.01455
79316,33.14437,-102.31614
79322,33.65766,-101.18732
79323,32.94697,-102.8723
79324,33.89795,-102.68244
79325,34.41493,-102.94
79326,34.07796,-102.21612
79329,33.7248,-101.68202
79330,33.03672,-101.20986
79331,32.69327,-102.01053
79336,33.60538,-102.40278
79339,33.88987,-102.33544
79342,32.90819,-102.33659
79343,33.65565,-101.53012
79344,33.84496,-102.93043
79345,33.3342,-102.32964
79346,33.64819,-102.82493
79347,34.17746,-102.78205
79350,33.732,-101.83155
79351,32.92342,-101.76913
79353,33.78403,-102.58383
79355,33.18172,-102.87666
79356,33.25907,-101.33041
79357,33.61648,-101.40248
79358,33.43884,-102.19135
79359,32.96703,-102.58927
79360,32.68905,-102.74146
79363,33.70901,-102.04105
79364,33.45204,-101.64305
79366,33.5302,-101.68373
79367,33.62146,-102.19081
79369,33.95575,-102.14515
79370,33.50305,-100.90344
79371,33.97458,-102.75405
79372,33.43423,-102.4884
79373,33.1708,-101.83551
79376,33.2339,-102.67314
79377,32.9321,-102.13166
79378,33.05323,-102.48596
79379,33.51064,-102.64638
79380,33.74713,-102.35928
79381,33.32286,-101.7652
79382,33.45859,-102.02106
79401,33.58785,-101.85142
79403,33.64459,-101.76828
79404,33.52535,-101.79632
79406,33.58346,-101.88127
79407,33.56317,-102.07932
79410,33.56969,-101.89127
79411,33.57002,-101.85779
79412,33.54539,-101.85744
79413,33.54623,-101.88729
79414,33.54875,-101.91944
79415,33.69754,-101.90482
79416,33.60429,-101.97648
79423,33.44038,-101.85079
79424,33.46993,-101.94095
79501,32.74484,-99.90508
79502,33.17852,-100.24899
79503,32.87114,-99.69598
79504,32.32056,-99.35231
79505,33.57584,-99.81598
79506,32.118,-100.32343
79508,32.27415,-99.82596
79510,32.27507,-99.52899
79511,32.41453,-101.25956
79512,32.31554,-100.91777
79517,32.87674,-101.2428
79518,33.33064,-100.72207
79519,32.04873,-99.69702
79520,32.8649,-100.13233
79521,33.12233,-99.65411
79525,32.63113,-99.8318
79526,32.63738,-100.72017
79527,32.64375,-101.15093
79528,33.26207,-100.79076
79529,33.43853,-99.8473
79530,32.11907,-99.75931
79532,32.40497,-100.71227
79533,32.85547,-99.55487
79534,32.75672,-100.21828
79535,32.2257,-100.47632
79536,32.47379,-100.03346
79537,32.29188,-100.21075
79538,31.97812,-99.68094
79539,33.36843,-99.88222
79540,33.16876,-100.03773
79541,32.15305,-99.81497
79543,32.7218,-100.40076
79544,33.30149,-99.8529
79545,32.41143,-100.58009
79546,32.89242,-100.49804
79547,33.19918,-99.91192
79548,33.05571,-99.92296
79549,32.91367,-100.84508
79553,32.93883,-99.84265
79556,32.45432,-100.36402
79560,32.67888,-100.20888
79561,32.52132,-100.20042
79562,32.24438,-99.86598
79563,32.42317,-99.90768
79565,32.39462,-101.09317
79566,32.11347,-100.12203
79567,31.97769,-99.95308
79601,32.57965,-99.6635
79602,32.33948,-99.66982
79603,32.40153,-99.88473
79605,32.43398,-99.78205
79606,32.36095,-99.82696
79607,32.42853,-99.82546
79699,32.46227,-99.71591
79701,31.99237,-102.08147
79703,31.97945,-102.13231
79705,32.05114,-102.05955
79706,31.84553,-102.00235
79707,32.03347,-102.21158
79713,32.49638,-101.7556
79714,32.32942,-102.69917
79718,31.00534,-103.76187
79719,31.46009,-103.4056
79720,32.25364,-101.47291
79730,31.16955,-103.0851
79731,31.41809,-102.4833
79733,32.10287,-101.36544
79734,30.68395,-103.95565
79735,30.74292,-102.78315
79738,32.75708,-101.47557
79739,31.76368,-101.51602
79741,31.97,-102.62753
79742,31.34203,-102.86845
79743,31.17762,-102.59435
79744,30.92196,-101.97037
79745,31.82641,-103.052
79748,32.41116,-101.65048
79749,32.28903,-101.87178
79752,31.21544,-102.15319
79754,31.80166,-103.59994
79755,31.50464,-101.93778
79756,31.54579,-102.85809
79758,32.00814,-102.33409
79759,31.79645,-102.7018
79761,31.85574,-102.34958
79762,31.92649,-102.35443
79763,31.79918,-102.46788
79764,31.89055,-102.47102
79765,31.92346,-102.29241
79766,31.70334,-102.41204
79770,31.86403,-103.92976
79772,31.42539,-103.62296
79777,31.49787,-103.12979
79778,31.17612,-101.92388
79780,31.06194,-103.59216
79781,30.59596,-101.77778
79782,32.15841,-101.84321
79783,32.32171,-102.04228
79785,31.32749,-103.90691
79788,31.57296,-102.98349
79789,31.76026,-103.18576
79821,31.97693,-106.59781
79830,29.80008,-103.22466
79831,30.4295,-103.32553
79834,29.29122,-103.2653
79835,31.93522,-106.58693
79836,31.57128,-106.2019
79837,32.19025,-105.26698
79838,31.49183,-106.17359
79839,31.21315,-105.60772
79842,30.09107,-103.11656
79843,30.12696,-104.22342
79845,29.88856,-104.51961
79846,29.45217,-103.99027
79847,31.80678,-104.97246
79848,30.24901,-102.30543
79849,31.56127,-106.25047
79851,31.28841,-105.31974
79852,29.40324,-103.62418
79853,31.42987,-106.06371
79854,30.57932,-104.65911
79855,31.09237,-104.63689
79901,31.76003,-106.47978
79902,31.78412,-106.4979
79903,31.78615,-106.4418
79904,31.85286,-106.44646
79905,31.76655,-106.42483
79906,31.80924,-106.41651
79907,31.7075,-106.32682
79908,31.85719,-106.38038
79911,31.89246,-106.54251
79912,31.84821,-106.53264
79915,31.74585,-106.37235
79916,31.81397,-106.41816
79920,31.82472,-106.45173
79922,31.81507,-106.56101
79924,31.90245,-106.41325
79925,31.79772,-106.36331
79927,31.64455,-106.27373
79928,31.62865,-106.15597
79930,31.82029,-106.46993
79932,31.87818,-106.60642
79934,31.9519,-106.43401
79935,31.76791,-106.33018
79936,31.77618,-106.29785
79938,31.83091,-105.97012
79942,30.57792,-101.34275
